S&P 500 Index | Index Constituents Analysis                                25-Oct-2020 17:25,,,,,,,,,,,,,,,
,,,,,,,,,,,,,,,
Index Constituents Analysis,,,,,,,,,,,,,,,
"Report: Summary ,Currency: USD",,,,,,,,,,,,,,,
1 - 505 of 505,,,,,,,,,,,,,,,
Name,RIC,ACT_FLAG1,Last,PE,Est. PE,EPS,Ccy,DPS,Ccy,Div. Yld (%),ROE (%),P/Book,P/Sales,Weight %,Mcap
S&P 500 Index,.SPX,,3465.39 c,27.66,23.95,--,--,--,--,2.12,--,3.50,--,--,"30,442,046,080,023.00"
Apple Inc,AAPL.OQ,,115.04 c,38.72,35.40,2.97,USD,0.82,USD,0.71,55.92,21.74,7.56,--,"1,967,475,741,440.00"
Microsoft Corp,MSFT.OQ,,216.23 c,37.52,33.33,5.76,USD,2.24,USD,1.04,40.14,13.82,11.43,--,"1,635,309,878,521.34"
Amazon.com Inc,AMZN.OQ,,3204.4 c,139.37,100.67,22.99,USD,--,--,--,21.95,25.86,5.72,--,"1,605,050,797,664.40"
Alphabet Inc,GOOGL.OQ,,1632.98 c,33.22,36.60,49.16,USD,--,--,--,18.12,5.53,6.88,--,"1,113,369,334,208.56"
Alphabet Inc,GOOG.OQ,,1641 c,33.22,36.79,49.16,USD,--,--,--,18.12,5.53,6.88,--,"1,113,369,334,208.56"
Facebook Inc,FB.OQ,,284.79 c,44.31,35.20,6.43,USD,--,--,--,19.96,8.03,11.48,--,"811,314,256,808.22"
Berkshire Hathaway Inc,BRKb.N,,212.71 c,6.41,23.00,"49,828.45",USD,--,--,--,21.05,1.20,2.00,--,"508,181,141,314.86"
Visa Inc,V.N,,198.01 c,37.24,39.56,5.32,USD,1.20,USD,0.61,35.17,12.15,18.34,--,"421,338,613,795.29"
Walmart Inc,WMT.N,,143.85 c,27.72,26.94,5.19,USD,2.16,USD,1.50,20.22,5.46,0.78,--,"407,635,360,131.30"
Johnson & Johnson,JNJ.N,,145.24 c,25.79,18.13,5.63,USD,4.04,USD,2.78,25.36,6.43,4.66,--,"382,391,281,509.00"
Procter & Gamble Co,PG.N,,142.38 c,28.70,25.61,4.96,USD,3.16,USD,2.22,27.80,7.59,4.98,--,"353,046,287,045.34"
NVIDIA Corp,NVDA.OQ,,543.61 c,120.15,60.00,4.52,USD,0.64,USD,0.12,25.95,27.48,30.72,--,"335,407,370,000.00"
Mastercard Inc,MA.N,,329.61 c,41.63,49.31,7.92,USD,1.60,USD,0.49,143.36,55.99,19.54,--,"329,959,675,667.97"
JPMorgan Chase & Co,JPM.N,,103.81 c,9.68,14.07,10.72,USD,3.60,USD,3.47,--,1.21,2.74,--,"316,371,821,795.47"
UnitedHealth Group Inc,UNH.N,,330.6 c,23.08,19.76,14.33,USD,5.00,USD,1.51,--,5.45,1.30,--,"314,181,002,917.20"
Home Depot Inc,HD.N,,283 c,27.62,24.88,10.25,USD,6.00,USD,2.12,--,--,2.76,--,"304,636,910,462.00"
Verizon Communications Inc,VZ.N,,57.96 c,12.46,11.93,4.65,USD,2.51,USD,4.33,33.64,4.05,1.89,--,"248,731,494,122.16"
PayPal Holdings Inc,PYPL.OQ,,203.04 c,98.09,54.43,2.07,USD,--,--,--,15.24,14.12,13.41,--,"238,365,235,637.28"
Adobe Inc,ADBE.OQ,,488.5 c,81.28,49.19,6.01,USD,--,--,--,29.70,22.25,20.98,--,"234,342,723,195.50"
Walt Disney Co,DIS.N,,128.35 c,20.55,83.34,6.25,USD,0.00,USD,0.00,15.12,2.61,3.33,--,"231,936,582,897.75"
Salesforce.Com Inc,CRM.N,,250.52 c,"1,613.24",66.98,0.16,USD,--,--,--,0.53,6.73,13.33,--,"227,973,200,000.00"
Coca-Cola Co,KO.N,,50.52 c,24.43,26.73,2.07,USD,1.64,USD,3.25,49.61,11.44,5.83,--,"217,106,396,598.24"
Bank of America Corp,BAC.N,,24.9 c,9.04,14.23,2.75,USD,0.72,USD,2.89,--,0.81,2.36,--,"215,736,034,423.20"
Netflix Inc,NFLX.OQ,,488.28 c,126.82,78.12,3.85,USD,--,--,--,27.13,28.45,10.70,--,"215,719,666,506.24"
Pfizer Inc,PFE.N,,38.18 c,13.59,13.17,2.81,USD,1.52,USD,3.98,25.20,3.36,4.10,--,"212,161,671,031.26"
Comcast Corp,CMCSA.OQ,,45.06 c,15.91,18.47,2.83,USD,0.92,USD,2.04,16.92,2.49,1.89,--,"205,838,613,666.84"
Intel Corp,INTC.OQ,,48.2 c,10.24,9.86,4.71,USD,1.32,USD,2.74,27.58,2.64,2.85,--,"204,994,600,000.00"
Nike Inc,NKE.N,,129.99 c,81.49,45.61,1.60,USD,0.98,USD,0.75,29.70,25.33,5.46,--,"204,061,751,024.67"
Merck & Co Inc,MRK.N,,79.83 c,20.68,13.93,3.86,USD,2.44,USD,3.06,37.86,7.79,4.31,--,"201,909,314,618.10"
AT&T Inc,T.N,,27.82 c,14.68,8.78,1.89,USD,2.08,USD,7.48,7.55,1.08,1.09,--,"198,217,500,000.00"
PepsiCo Inc,PEP.OQ,,139.56 c,26.88,25.33,5.19,USD,4.09,USD,2.93,49.86,13.04,2.87,--,"192,865,847,046.60"
Abbott Laboratories,ABT.N,,107.79 c,53.31,30.28,2.02,USD,1.44,USD,1.34,11.69,6.14,5.98,--,"190,845,428,592.21"
Thermo Fisher Scientific Inc,TMO.N,,480.17 c,52.24,26.26,9.19,USD,0.88,USD,0.18,12.94,6.40,7.44,--,"189,950,162,198.00"
Oracle Corp,ORCL.N,,59.9 c,19.47,14.23,3.08,USD,0.96,USD,1.60,59.87,14.92,4.61,--,"180,128,943,900.00"
Mcdonald's Corp,MCD.N,,228.71 c,28.81,38.41,7.94,USD,5.16,USD,2.26,--,--,8.07,--,"170,183,685,976.94"
Costco Wholesale Corp,COST.OQ,,374.6 c,41.55,38.93,9.02,USD,2.80,USD,0.75,23.87,9.04,0.99,--,"165,284,018,914.20"
Danaher Corp,DHR.N,,232.66 c,70.32,38.62,3.31,USD,0.72,USD,0.31,8.32,5.46,9.23,--,"165,276,421,472.22"
Cisco Systems Inc,CSCO.OQ,,38.82 c,14.73,12.60,2.64,USD,1.44,USD,3.71,31.37,4.34,3.34,--,"164,488,425,778.98"
Accenture PLC,ACN.N,,229.7 c,29.10,28.59,7.89,USD,3.52,USD,1.53,32.52,8.90,3.41,--,"151,345,431,761.30"
Broadcom Inc,AVGO.OQ,,372.72 c,57.69,16.93,6.46,USD,13.00,USD,3.49,10.61,6.04,6.67,--,"150,765,736,090.32"
Medtronic PLC,MDT.N,,111.42 c,31.85,27.86,3.50,USD,2.32,USD,2.08,9.37,2.95,5.18,--,"149,772,464,380.62"
Abbvie Inc,ABBV.N,,84.34 c,15.96,8.07,5.28,USD,4.72,USD,5.60,--,--,4.47,--,"148,846,035,967.64"
United Parcel Service Inc,UPS.N,,171.9 c,33.64,24.08,5.11,USD,4.04,USD,2.35,141.22,45.43,2.00,--,"148,414,245,699.60"
Nextera Energy Inc,NEE.N,,303.07 c,38.14,33.05,7.95,USD,1.40,USD,0.46,10.84,4.01,7.73,--,"148,397,546,926.27"
Qualcomm Inc,QCOM.OQ,,128.88 c,35.85,32.88,3.60,USD,2.60,USD,2.02,153.46,29.62,7.43,--,"145,410,904,681.20"
Exxon Mobil Corp,XOM.N,,34.16 c,10.73,-103.52,3.19,USD,3.48,USD,10.19,7.09,0.75,0.57,--,"144,436,449,118.08"
Chevron Corp,CVX.N,,72.57 c,46.98,-163.08,1.54,USD,5.16,USD,7.11,1.96,0.97,1.00,--,"139,700,529,656.01"
T-Mobile US Inc,TMUS.OQ,,112.38 c,27.98,61.08,4.02,USD,--,--,--,12.96,4.83,3.09,--,"139,104,967,103.88"
Texas Instruments Inc,TXN.OQ,,149.96 c,28.63,27.36,5.24,USD,4.08,USD,2.72,56.05,15.45,9.57,--,"137,654,601,814.80"
Eli Lilly and Co,LLY.N,,142.38 c,28.72,19.56,4.96,USD,2.96,USD,2.08,74.59,52.24,6.10,--,"136,182,251,565.36"
Bristol-Myers Squibb Co,BMY.N,,60.13 c,29.93,9.62,2.01,USD,1.80,USD,2.99,10.48,2.63,5.18,--,"135,529,089,602.55"
Amgen Inc,AMGN.OQ,,227.16 c,17.64,14.45,12.88,USD,6.40,USD,2.82,70.73,13.75,5.69,--,"133,046,197,929.00"
Lowe's Companies Inc,LOW.N,,172.14 c,31.38,20.19,5.49,USD,2.40,USD,1.39,152.46,65.97,1.80,--,"130,092,402,958.44"
Union Pacific Corp,UNP.N,,188.14 c,22.44,23.68,8.38,USD,3.88,USD,2.06,30.71,6.99,5.84,--,"126,781,688,261.10"
Honeywell International Inc,HON.N,,175.54 c,21.87,25.55,8.03,USD,3.72,USD,2.12,31.97,6.66,3.36,--,"123,191,016,784.10"
Linde PLC,LIN.N,,234.27 c,58.51,30.11,4.00,USD,3.85,USD,1.64,4.34,2.51,4.36,--,"123,076,094,696.64"
Charter Communications Inc,CHTR.OQ,,593.28 c,79.60,45.97,7.45,USD,--,--,--,4.93,3.87,2.66,--,"121,562,583,137.28"
Philip Morris International Inc,PM.N,,74.45 c,16.16,14.56,4.61,USD,4.80,USD,6.45,--,--,3.89,--,"115,940,044,770.95"
Starbucks Corp,SBUX.OQ,,90.8 c,31.11,93.61,2.92,USD,1.80,USD,1.98,--,--,4.00,--,"106,145,200,000.00"
American Tower Corp,AMT.N,,237.72 c,56.10,56.60,4.24,USD,4.56,USD,1.92,36.33,20.86,13.91,--,"105,445,611,114.48"
Lockheed Martin Corp,LMT.N,,374.33 c,17.05,15.28,21.95,USD,10.40,USD,2.78,275.60,33.49,1.75,--,"104,731,450,014.51"
International Business Machines Corp,IBM.N,,116 c,10.81,13.85,10.73,USD,6.52,USD,5.62,50.91,4.96,1.34,--,"103,307,134,768.00"
ServiceNow Inc,NOW.N,,514.01 c,161.76,116.11,3.18,USD,--,--,--,38.70,46.33,28.49,--,"98,587,118,000.00"
3M Co,MMM.N,,169.8 c,21.74,20.30,7.81,USD,5.88,USD,3.46,46.02,9.72,3.04,--,"97,808,101,251.60"
BlackRock Inc,BLK.N,,637.31 c,22.42,19.88,28.43,USD,14.52,USD,2.28,13.58,2.90,6.68,--,"97,187,482,595.93"
Advanced Micro Devices Inc,AMD.OQ,,81.96 c,279.86,74.51,0.29,USD,--,--,--,16.03,34.04,14.30,--,"96,225,688,197.48"
Wells Fargo & Co,WFC.N,,23.28 c,5.74,66.51,4.05,USD,0.40,USD,1.72,--,0.51,1.13,--,"95,914,696,604.40"
Raytheon Technologies Corp,RTX.N,,62.57 c,9.76,21.21,6.41,USD,1.90,USD,3.04,13.80,2.29,1.24,--,"95,585,388,241.66"
Boeing Co,BA.N,,167.36 c,--,-16.97,-1.12,USD,0.00,USD,0.00,--,--,1.11,--,"94,466,140,791.68"
Morgan Stanley,MS.N,,51.87 c,9.99,9.13,5.19,USD,1.40,USD,2.70,11.18,1.15,1.74,--,"93,872,982,981.96"
Citigroup Inc,C.N,,43.95 c,5.47,10.62,8.04,USD,2.04,USD,4.64,--,0.47,1.23,--,"91,497,962,091.30"
Caterpillar Inc,CAT.N,,168.59 c,16.17,32.42,10.42,USD,4.12,USD,2.44,41.32,6.26,1.70,--,"91,292,593,479.25"
Fidelity National Information Services Inc,FIS.N,,144.4 c,218.54,26.25,0.66,USD,1.40,USD,0.97,1.00,1.81,8.66,--,"89,470,742,800.80"
Intuit Inc,INTU.OQ,,334.42 c,48.35,39.48,6.92,USD,2.36,USD,0.71,41.24,17.15,11.40,--,"87,553,565,161.68"
Intuitive Surgical Inc,ISRG.OQ,,735.48 c,63.72,75.86,11.54,USD,--,--,--,18.46,10.46,19.31,--,"86,459,707,372.32"
Estee Lauder Companies Inc,EL.N,,235.23 c,126.18,48.65,1.86,USD,1.92,USD,0.82,16.44,21.59,5.94,--,"84,966,660,744.51"
Stryker Corp,SYK.N,,221.9 c,40.47,34.84,5.48,USD,2.30,USD,1.04,16.98,6.50,5.60,--,"83,296,484,046.30"
S&P Global Inc,SPGI.N,,337.43 c,39.24,30.24,8.60,USD,2.68,USD,0.79,383.56,169.77,12.14,--,"81,320,630,000.00"
American Express Co,AXP.N,,100.98 c,12.64,29.66,7.99,USD,1.72,USD,1.70,29.80,3.52,1.80,--,"81,305,169,998.58"
Mondelez International Inc,MDLZ.OQ,,56.61 c,21.30,21.86,2.66,USD,1.26,USD,2.23,14.66,2.97,3.13,--,"80,858,233,653.84"
Target Corp,TGT.N,,160.23 c,25.27,22.16,6.34,USD,2.72,USD,1.70,28.27,6.78,1.03,--,"80,213,997,144.12"
CVS Health Corp,CVS.N,,60.25 c,11.85,8.33,5.08,USD,2.00,USD,3.32,10.87,1.23,0.31,--,"78,849,382,862.50"
Anthem Inc,ANTM.N,,310.76 c,16.83,13.87,18.47,USD,3.80,USD,1.22,--,2.46,0.75,--,"78,158,146,888.08"
Zoetis Inc,ZTS.N,,163.49 c,52.51,44.91,3.11,USD,0.80,USD,0.49,61.31,28.69,12.41,--,"77,681,407,656.96"
Prologis Inc,PLD.N,,103.24 c,41.39,56.11,2.49,USD,2.32,USD,2.25,7.09,3.37,22.90,--,"76,270,408,320.00"
Gilead Sciences Inc,GILD.OQ,,60.79 c,14.41,8.83,4.22,USD,2.72,USD,4.47,24.53,3.38,3.39,--,"76,213,904,452.30"
Charles Schwab Corp,SCHW.N,,40.35 c,15.11,17.85,2.67,USD,0.72,USD,1.78,17.47,3.48,6.42,--,"75,650,465,343.30"
Deere & Co,DE.N,,239.53 c,24.10,31.73,9.94,USD,3.04,USD,1.27,28.06,6.58,1.91,--,"75,062,657,939.51"
Booking Holdings Inc,BKNG.OQ,,1823.55 c,16.37,105.59,111.43,USD,--,--,--,65.88,12.59,4.96,--,"74,671,876,060.05"
FedEx Corp,FDX.N,,283.56 c,57.86,17.98,4.90,USD,2.60,USD,0.92,7.13,4.07,1.08,--,"74,460,586,952.88"
Altria Group Inc,MO.N,,39.08 c,--,9.05,-0.65,USD,3.44,USD,8.80,-11.51,11.67,2.89,--,"72,626,162,654.16"
Goldman Sachs Group Inc,GS.N,,205.04 c,9.75,10.70,21.03,USD,5.00,USD,2.44,9.38,0.78,1.28,--,"70,549,379,127.04"
Becton Dickinson and Co,BDX.N,,240.28 c,63.98,24.23,3.76,USD,3.16,USD,1.32,5.62,3.30,4.03,--,"69,649,615,434.28"
Equinix Inc,EQIX.OQ,,777.03 c,129.66,122.85,5.99,USD,10.64,USD,1.37,6.32,7.78,12.37,--,"68,811,537,399.54"
TJX Companies Inc,TJX.N,,57.02 c,21.37,407.29,2.67,USD,0.00,USD,0.00,59.51,11.49,1.64,--,"68,370,465,803.66"
Duke Energy Corp,DUK.N,,92.78 c,18.21,18.26,5.09,USD,3.86,USD,4.16,8.29,1.46,2.72,--,"68,233,393,670.86"
Dominion Energy Inc,D.N,,81.14 c,48.94,23.12,1.66,USD,3.76,USD,4.63,5.21,2.13,4.11,--,"68,190,914,217.78"
Colgate-Palmolive Co,CL.N,,79.34 c,28.86,26.85,2.75,USD,1.76,USD,2.22,"31,560.00",581.42,4.33,--,"68,026,130,915.92"
Fiserv Inc,FISV.OQ,,101.18 c,59.21,23.00,1.71,USD,--,--,--,5.06,2.05,6.65,--,"67,755,182,244.54"
Cigna Corp,CI.N,,184.49 c,13.73,9.93,13.44,USD,0.04,USD,0.02,--,1.49,0.44,--,"67,744,844,044.21"
General Electric Co,GE.N,,7.63 c,--,-127.17,-0.00,USD,0.04,USD,0.52,1.41,2.36,0.70,--,"66,787,595,070.00"
Crown Castle International Corp,CCI.N,,158.47 c,88.68,88.04,1.79,USD,5.32,USD,3.36,7.80,6.34,11.54,--,"66,504,833,440.89"
Illinois Tool Works Inc,ITW.N,,206.7 c,26.70,35.12,7.74,USD,4.56,USD,2.21,80.29,21.60,4.63,--,"65,350,943,568.30"
Air Products and Chemicals Inc,APD.N,,294 c,37.28,35.00,7.89,USD,5.36,USD,1.82,15.95,5.88,7.28,--,"64,942,946,544.00"
Southern Co,SO.N,,60.85 c,13.53,19.20,4.50,USD,2.56,USD,4.21,18.00,2.31,3.00,--,"64,265,556,015.80"
Automatic Data Processing Inc,ADP.OQ,,149.2 c,26.24,29.84,5.69,USD,3.64,USD,2.44,44.12,11.15,4.40,--,"64,133,034,390.00"
Activision Blizzard Inc,ATVI.OQ,,81.04 c,41.57,24.56,1.95,USD,0.41,USD,0.51,12.42,4.89,9.64,--,"62,552,511,580.32"
Sherwin-Williams Co,SHW.N,,683.31 c,41.43,28.75,16.49,USD,5.36,USD,0.78,39.25,15.09,3.48,--,"62,215,141,807.98"
CSX Corp,CSX.OQ,,81.29 c,19.47,22.71,4.17,USD,1.04,USD,1.28,27.29,5.25,5.21,--,"62,168,556,335.82"
Regeneron Pharmaceuticals Inc,REGN.OQ,,579.81 c,31.40,20.00,18.46,USD,--,--,--,21.32,5.56,7.84,--,"61,687,373,965.14"
U.S. Bancorp,USB.N,,40.66 c,9.78,13.46,4.16,USD,1.68,USD,4.13,--,1.18,2.68,--,"61,248,700,022.54"
Truist Financial Corp,TFC.N,,43.94 c,--,12.21,3.71,USD,1.80,USD,4.10,--,--,--,--,"59,213,936,472.08"
Micron Technology Inc,MU.OQ,,52.85 c,22.25,17.75,2.38,USD,--,--,--,7.18,1.51,2.74,--,"58,833,772,077.15"
Humana Inc,HUM.N,,444.31 c,22.11,23.70,20.09,USD,2.50,USD,0.56,--,4.88,0.91,--,"58,777,342,918.09"
CME Group Inc,CME.OQ,,163.86 c,27.73,23.82,5.91,USD,3.40,USD,2.07,8.13,2.25,12.07,--,"58,764,089,969.04"
Ecolab Inc,ECL.N,,204.87 c,38.52,49.97,5.32,USD,1.88,USD,0.92,18.65,6.73,3.92,--,"58,466,778,854.25"
Chubb Ltd,CB.N,,129.02 c,13.29,18.25,9.71,USD,3.12,USD,2.42,--,1.05,1.70,--,"58,235,227,256.82"
Marsh & McLennan Companies Inc,MMC.N,,113.7 c,33.35,23.69,3.41,USD,1.86,USD,1.64,22.77,7.39,3.46,--,"57,592,383,115.50"
Autodesk Inc,ADSK.OQ,,254.42 c,252.60,66.52,1.01,USD,--,--,--,--,--,17.04,--,"55,789,009,738.86"
Applied Materials Inc,AMAT.OQ,,60.95 c,21.48,14.90,2.84,USD,0.88,USD,1.44,35.62,6.78,3.81,--,"55,664,584,465.80"
Intercontinental Exchange Inc,ICE.N,,98.95 c,28.92,22.44,3.42,USD,1.20,USD,1.21,11.22,3.22,10.68,--,"55,535,525,716.75"
Progressive Corp,PGR.N,,94.62 c,14.09,13.24,6.72,USD,0.40,USD,0.42,--,4.05,1.42,--,"55,390,255,245.72"
Vertex Pharmaceuticals Inc,VRTX.OQ,,211.58 c,46.87,21.55,4.51,USD,--,--,--,22.37,9.06,13.24,--,"55,109,678,527.72"
Norfolk Southern Corp,NSC.N,,215.4 c,21.02,24.01,10.25,USD,3.76,USD,1.75,17.82,3.62,4.86,--,"54,950,531,803.80"
Dollar General Corp,DG.N,,215.44 c,32.46,21.08,6.64,USD,1.44,USD,0.67,26.11,8.00,1.93,--,"53,651,819,897.12"
Boston Scientific Corp,BSX.N,,37.17 c,87.68,36.80,0.42,USD,--,--,--,5.29,3.83,4.95,--,"53,178,177,409.56"
Global Payments Inc,GPN.N,,176.99 c,81.85,27.76,2.16,USD,0.78,USD,0.44,2.70,1.90,10.78,--,"52,963,068,127.20"
General Motors Co,GM.N,,36.83 c,8.05,13.39,4.57,USD,0.00,USD,0.00,16.69,1.26,0.38,--,"52,707,284,536.96"
Northrop Grumman Corp,NOC.N,,308.43 c,23.32,13.56,13.22,USD,5.80,USD,1.88,26.44,5.83,1.52,--,"51,420,210,328.26"
Lam Research Corp,LRCX.OQ,,353.92 c,23.43,15.76,15.10,USD,5.20,USD,1.47,45.74,9.93,5.11,--,"51,349,525,140.48"
Moody's Corp,MCO.N,,271.88 c,36.63,28.71,7.42,USD,2.24,USD,0.82,265.32,83.39,10.57,--,"51,031,876,000.00"
Edwards Lifesciences Corp,EW.N,,80.41 c,48.77,42.10,1.65,USD,--,--,--,28.80,12.05,11.50,--,"49,994,160,118.21"
Waste Management Inc,WM.N,,116.7 c,29.85,30.23,3.91,USD,2.18,USD,1.87,25.03,6.98,3.19,--,"49,301,220,522.90"
PNC Financial Services Group Inc,PNC.N,,114.81 c,10.07,7.08,11.40,USD,4.60,USD,4.01,--,0.99,2.71,--,"48,737,172,323.31"
Newmont Corporation,NEM.N,,60.47 c,15.49,24.09,3.90,USD,1.00,USD,1.65,18.03,2.27,4.99,--,"48,614,756,664.03"
Aon PLC,AON.N,,207.31 c,32.54,21.52,6.37,USD,1.84,USD,0.89,40.74,14.22,4.36,--,"47,979,132,118.81"
Illumina Inc,ILMN.OQ,,323.55 c,48.11,70.80,6.72,USD,--,--,--,23.94,10.27,13.37,--,"47,354,898,360.60"
Kimberly-Clark Corp,KMB.N,,136.88 c,21.93,17.92,6.24,USD,4.28,USD,3.13,--,--,2.52,--,"46,557,913,549.20"
HCA Healthcare Inc,HCA.N,,136.59 c,13.57,12.43,10.07,USD,0.29,USD,0.21,--,--,0.90,--,"46,171,968,447.00"
Analog Devices Inc,ADI.OQ,,124.2 c,34.06,25.93,3.65,USD,2.48,USD,2.00,11.86,3.92,7.66,--,"45,899,323,061.40"
American Electric Power Company Inc,AEP.OQ,,91.88 c,23.69,21.22,3.88,USD,2.96,USD,3.22,9.92,2.32,2.93,--,"45,607,968,833.76"
Roper Technologies Inc,ROP.N,,428.6 c,25.48,34.15,16.82,USD,2.05,USD,0.48,20.52,4.73,8.36,--,"44,879,054,451.80"
Eaton Corporation PLC,ETN.N,,109.81 c,20.90,27.59,5.25,USD,2.92,USD,2.66,13.74,2.73,2.05,--,"43,934,981,000.00"
Dupont De Nemours Inc,DD.N,,59.82 c,--,19.68,-0.95,USD,1.20,USD,2.01,-1.05,1.07,2.04,--,"43,897,565,536.50"
Monster Beverage Corp,MNST.OQ,,80.39 c,39.66,35.49,2.03,USD,--,--,--,28.47,10.16,10.09,--,"42,397,400,213.55"
Emerson Electric Co,EMR.N,,70.02 c,18.84,21.22,3.72,USD,2.00,USD,2.86,26.85,5.08,2.28,--,"41,843,386,308.42"
Public Storage,PSA.N,,235.72 c,32.32,34.59,7.29,USD,8.00,USD,3.39,16.73,4.55,14.47,--,"41,204,514,130.24"
Exelon Corp,EXC.OQ,,42.2 c,14.00,14.16,3.01,USD,1.53,USD,3.63,9.33,1.28,1.19,--,"41,124,064,369.00"
Baxter International Inc,BAX.N,,81.09 c,52.15,26.59,1.55,USD,0.98,USD,1.21,10.26,5.21,3.61,--,"41,050,331,147.88"
Digital Realty Trust Inc,DLR.N,,152.6 c,64.83,103.11,2.35,USD,4.48,USD,2.94,5.87,4.16,12.79,--,"41,048,602,512.40"
Biogen Inc,BIIB.OQ,,265 c,8.43,7.94,31.42,USD,--,--,--,44.64,3.06,2.84,--,"40,778,623,205.00"
General Dynamics Corp,GD.N,,140.7 c,11.75,12.73,11.98,USD,4.40,USD,3.13,27.53,2.97,1.03,--,"40,371,393,745.20"
Cognizant Technology Solutions Corp,CTSH.OQ,,74.12 c,22.53,20.88,3.29,USD,0.88,USD,1.19,16.41,3.65,2.39,--,"40,190,883,797.04"
Twitter Inc,TWTR.N,,50.44 c,27.03,-50.69,1.87,USD,--,--,--,18.90,4.58,11.53,--,"39,895,465,189.32"
DexCom Inc,DXCM.OQ,,411 c,375.23,151.10,1.10,USD,--,--,--,13.08,44.58,26.66,--,"39,350,047,077.00"
Centene Corp,CNC.N,,67.42 c,21.46,13.82,3.14,USD,--,--,--,11.26,3.11,0.52,--,"39,067,836,319.38"
Sempra Energy,SRE.N,,133.86 c,22.31,17.56,6.00,USD,4.18,USD,3.12,9.89,1.94,3.58,--,"38,720,299,961.64"
Las Vegas Sands Corp,LVS.N,,50.68 c,14.48,-24.09,3.50,USD,0.00,USD,0.00,49.64,7.46,2.82,--,"38,709,552,612.36"
Kraft Heinz Co,KHC.OQ,,31.37 c,19.84,11.76,1.58,USD,1.60,USD,5.10,3.75,0.74,1.54,--,"38,352,290,431.04"
General Mills Inc,GIS.N,,61.78 c,17.37,16.97,3.56,USD,2.04,USD,3.30,28.87,4.69,2.14,--,"37,768,205,500.12"
eBay Inc,EBAY.OQ,,53.79 c,25.69,15.07,2.09,USD,0.64,USD,1.19,39.17,13.12,3.49,--,"37,646,605,229.64"
Xcel Energy Inc,XEL.OQ,,71.47 c,27.09,25.71,2.64,USD,1.72,USD,2.41,10.78,2.84,3.26,--,"37,546,214,466.88"
Chipotle Mexican Grill Inc,CMG.N,,1339.08 c,108.21,121.70,12.38,USD,--,--,--,22.41,22.25,6.70,--,"37,450,887,285.00"
MetLife Inc,MET.N,,40.94 c,6.76,7.50,6.06,USD,1.84,USD,4.49,--,0.56,0.53,--,"37,159,701,317.10"
L3harris Technologies Inc,LHX.N,,171.8 c,--,15.02,3.68,USD,3.40,USD,1.98,--,1.64,--,--,"37,142,368,689.20"
Align Technology Inc,ALGN.OQ,,469.56 c,84.95,99.06,5.53,USD,--,--,--,34.07,27.48,15.37,--,"36,995,074,869.48"
Electronic Arts Inc,EA.OQ,,126.77 c,12.31,23.18,10.30,USD,--,--,--,47.51,4.91,6.61,--,"36,610,772,237.55"
IDEXX Laboratories Inc,IDXX.OQ,,429.66 c,87.94,75.64,4.89,USD,--,--,--,509.31,205.92,15.18,--,"36,544,592,519.82"
Dow Inc,DOW.N,,48.53 c,--,34.68,-2.43,USD,2.80,USD,5.77,-7.84,2.66,0.84,--,"35,997,213,009.86"
Amphenol Corp,APH.N,,119.75 c,31.92,33.17,3.75,USD,1.16,USD,0.97,27.03,7.89,4.34,--,"35,730,629,344.25"
Capital One Financial Corp,COF.N,,77.99 c,7.08,39.69,11.02,USD,0.40,USD,0.51,--,0.61,1.25,--,"35,613,023,312.35"
Cintas Corp,CTAS.OQ,,338.07 c,41.67,37.71,8.11,USD,2.55,USD,0.75,28.10,10.93,4.99,--,"35,370,703,568.88"
TE Connectivity Ltd,TEL.N,,106.3 c,18.57,26.78,5.72,USD,1.92,USD,1.81,18.19,3.32,2.61,--,"35,083,090,211.40"
ConocoPhillips,COP.N,,32.54 c,5.09,-35.76,6.40,USD,1.72,USD,5.29,21.49,0.99,1.07,--,"34,751,327,808.64"
Constellation Brands Inc,STZ.N,,179.46 c,--,19.50,-0.06,USD,3.00,USD,1.67,-0.10,2.85,4.14,--,"34,576,486,240.79"
O'Reilly Automotive Inc,ORLY.OQ,,466.43 c,26.08,21.05,17.88,USD,--,--,--,370.45,86.94,3.40,--,"34,546,033,936.11"
Synopsys Inc,SNPS.OQ,,226.74 c,65.67,41.00,3.45,USD,--,--,--,14.08,8.43,10.24,--,"34,410,445,363.86"
Brown-Forman Corp,BFb.N,,74.4 c,43.22,38.75,1.72,USD,0.70,USD,0.94,45.67,17.38,10.21,--,"34,326,910,259.88"
Ross Stores Inc,ROST.OQ,,95.43 c,20.75,109.69,4.60,USD,0.00,USD,0.00,49.84,10.11,2.12,--,"33,973,620,229.23"
SBA Communications Corp,SBAC.OQ,,302.11 c,235.73,"7,552.75",1.28,USD,1.86,USD,0.62,--,--,16.79,--,"33,817,754,132.06"
T. Rowe Price Group Inc,TROW.OQ,,148.1 c,17.02,16.44,8.70,USD,3.60,USD,2.43,32.23,4.73,5.98,--,"33,616,571,951.10"
Cummins Inc,CMI.N,,226.28 c,15.63,22.63,14.48,USD,5.40,USD,2.39,30.43,4.45,1.42,--,"33,416,016,891.88"
Bank of New York Mellon Corp,BK.N,,37.67 c,8.35,9.56,4.51,USD,1.24,USD,3.29,--,0.80,2.03,--,"33,370,410,766.38"
IHS Markit Ltd,INFO.N,,82.99 c,67.55,29.83,1.23,USD,0.68,USD,0.82,6.12,3.93,7.49,--,"33,059,777,392.34"
Johnson Controls International PLC,JCI.N,,44.4 c,35.29,20.18,1.26,USD,1.04,USD,2.34,5.38,1.67,1.38,--,"33,035,710,198.80"
Marriott International Inc,MAR.OQ,,101.76 c,26.82,-282.67,3.79,USD,0.00,USD,0.00,86.95,46.94,1.57,--,"33,002,301,930.24"
Sysco Corp,SYY.N,,64.8 c,154.58,34.84,0.42,USD,1.80,USD,2.78,11.77,28.44,0.62,--,"32,953,108,370.40"
Walgreens Boots Alliance Inc,WBA.OQ,,38.04 c,73.43,7.91,0.52,USD,1.87,USD,4.92,2.07,1.60,0.24,--,"32,939,431,934.64"
Agilent Technologies Inc,A.N,,106.17 c,31.52,32.92,3.37,USD,0.72,USD,0.68,23.00,6.89,6.34,--,"32,733,233,947.95"
WEC Energy Group Inc,WEC.N,,102.16 c,28.53,27.24,3.58,USD,2.53,USD,2.48,11.37,3.18,4.28,--,"32,224,791,686.96"
IQVIA Holdings Inc,IQV.N,,167.47 c,175.01,26.53,0.96,USD,--,--,--,3.00,5.35,2.90,--,"32,108,316,041.66"
Paccar Inc,PCAR.OQ,,92.64 c,13.48,24.97,6.87,USD,1.28,USD,1.38,26.10,3.30,1.25,--,"32,067,236,319.36"
Travelers Companies Inc,TRV.N,,125.97 c,12.69,14.45,9.92,USD,3.40,USD,2.70,--,1.23,1.01,--,"31,909,304,623.17"
Ford Motor Co,F.N,,8.16 c,230.12,-14.57,0.04,USD,0.00,USD,0.00,0.41,0.96,0.20,--,"31,885,501,267.20"
PPG Industries Inc,PPG.N,,134.27 c,25.73,23.76,5.22,USD,2.16,USD,1.61,25.08,6.00,2.09,--,"31,715,167,070.59"
Eversource Energy,ES.N,,91.97 c,32.67,25.20,2.81,USD,2.27,USD,2.47,7.44,2.46,3.70,--,"31,515,160,876.92"
KLA Corp,KLAC.OQ,,203.17 c,26.38,17.88,7.70,USD,3.60,USD,1.77,45.70,11.82,5.43,--,"31,513,828,322.46"
Cadence Design Systems Inc,CDNS.OQ,,112.05 c,31.78,41.50,3.53,USD,--,--,--,58.32,14.86,13.38,--,"31,254,218,550.00"
Trane Technologies PLC,TT.N,,129.22 c,23.05,33.56,5.61,USD,2.12,USD,1.64,19.18,4.26,1.86,--,"30,929,344,296.76"
Public Service Enterprise Group Inc,PEG.N,,60.92 c,18.24,17.94,3.34,USD,1.96,USD,3.22,11.49,2.04,3.06,--,"30,810,630,177.28"
Verisk Analytics Inc,VRSK.OQ,,189.25 c,70.06,38.74,2.70,USD,1.08,USD,0.57,20.77,13.59,11.79,--,"30,731,533,278.25"
Best Buy Co Inc,BBY.N,,118.21 c,20.57,16.94,5.75,USD,2.20,USD,1.86,45.42,8.79,0.70,--,"30,596,547,624.03"
Paychex Inc,PAYX.OQ,,85.03 c,27.95,30.15,3.04,USD,2.48,USD,2.92,40.66,10.99,7.57,--,"30,568,311,954.51"
Yum! Brands Inc,YUM.N,,101.28 c,24.50,31.12,4.13,USD,1.88,USD,1.86,--,--,5.45,--,"30,525,754,425.12"
Hershey Co,HSY.N,,146.34 c,26.82,24.37,5.46,USD,3.22,USD,2.20,73.28,17.50,3.81,--,"30,442,011,332.94"
Ball Corp,BLL.N,,92.72 c,55.72,33.35,1.66,USD,0.60,USD,0.65,17.67,10.27,2.64,--,"30,279,284,080.64"
Carrier Global Corp,CARR.N,,34.93 c,14.30,23.30,2.44,USD,0.32,USD,0.92,15.10,2.15,1.63,--,"30,255,142,332.24"
Motorola Solutions Inc,MSI.N,,174.78 c,35.36,23.37,4.94,USD,2.56,USD,1.46,--,--,3.76,--,"29,675,387,939.76"
Republic Services Inc,RSG.N,,92.87 c,27.86,29.44,3.33,USD,1.70,USD,1.83,13.38,3.64,2.87,--,"29,578,476,300.06"
Zimmer Biomet Holdings Inc,ZBH.N,,142.71 c,26.07,29.64,5.47,USD,0.96,USD,0.67,9.57,2.39,3.70,--,"29,548,080,953.88"
MSCI Inc,MSCI.N,,350.55 c,53.20,47.82,6.59,USD,3.12,USD,0.89,--,--,18.82,--,"29,319,013,449.00"
VF Corp,VFC.N,,74.83 c,55.88,57.56,1.34,USD,1.96,USD,2.62,13.99,8.68,2.78,--,"29,157,407,581.54"
Parker-Hannifin Corp,PH.N,,226.16 c,24.34,20.75,9.29,USD,3.52,USD,1.56,19.98,4.76,2.13,--,"29,128,971,058.88"
Kinder Morgan Inc,KMI.N,,12.78 c,13.28,15.01,0.96,USD,1.05,USD,8.22,6.50,0.86,2.19,--,"28,927,986,054.30"
Archer-Daniels-Midland Co,ADM.N,,51.87 c,20.67,16.39,2.51,USD,1.44,USD,2.78,7.43,1.50,0.45,--,"28,821,404,132.43"
Xilinx Inc,XLNX.OQ,,116.82 c,37.57,45.46,3.11,USD,1.52,USD,1.30,30.63,12.37,9.05,--,"28,627,792,380.00"
Allstate Corp,ALL.N,,91.25 c,6.51,8.13,14.03,USD,2.16,USD,2.37,--,1.10,0.64,--,"28,498,849,417.50"
Stanley Black & Decker Inc,SWK.N,,178.01 c,28.04,22.36,6.35,USD,2.80,USD,1.57,11.26,3.11,1.97,--,"28,424,947,427.45"
Microchip Technology Inc,MCHP.OQ,,112.52 c,50.52,18.91,2.23,USD,1.47,USD,1.31,10.50,5.09,5.39,--,"28,405,844,467.80"
ANSYS Inc,ANSS.OQ,,330.22 c,63.12,54.49,5.23,USD,--,--,--,14.73,8.20,18.69,--,"28,329,321,842.14"
Rockwell Automation Inc,ROK.N,,243.1 c,41.72,32.15,5.83,USD,4.08,USD,1.68,68.83,69.75,4.21,--,"28,191,569,434.60"
American Water Works Company Inc,AWK.N,,154.08 c,44.91,40.03,3.43,USD,2.20,USD,1.43,10.36,4.56,7.73,--,"27,919,922,797.44"
American International Group Inc,AIG.N,,32.38 c,8.79,13.55,3.69,USD,1.28,USD,3.95,--,0.42,0.56,--,"27,893,229,682.00"
Autozone Inc,AZO.N,,1183.16 c,16.45,15.71,71.93,USD,--,--,--,--,--,2.19,--,"27,637,879,308.16"
Otis Worldwide Corp,OTIS.N,,63.45 c,24.62,27.59,2.58,USD,0.80,USD,1.26,68.28,16.16,2.09,--,"27,478,891,419.75"
Consolidated Edison Inc,ED.N,,81.6 c,20.02,19.20,4.08,USD,3.06,USD,3.75,7.73,1.51,2.17,--,"27,294,922,152.00"
TransDigm Group Inc,TDG.N,,501.97 c,38.78,37.18,12.94,USD,--,--,--,--,--,5.21,--,"27,209,925,367.66"
Prudential Financial Inc,PRU.N,,68.73 c,6.80,7.32,10.10,USD,4.40,USD,6.40,--,0.43,0.42,--,"27,148,350,000.00"
Aptiv PLC,APTV.N,,100.29 c,26.07,80.23,3.85,USD,0.00,USD,0.00,27.21,7.09,1.89,--,"27,078,650,714.13"
Corning Inc,GLW.N,,35.56 c,33.30,27.78,1.07,USD,0.88,USD,2.47,7.19,2.10,2.35,--,"27,059,309,955.44"
Willis Towers Watson PLC,WLTW.OQ,,209.75 c,26.12,18.24,8.03,USD,2.72,USD,1.30,10.39,2.64,2.99,--,"27,028,052,336.50"
Aflac Inc,AFL.N,,37.85 c,8.55,8.05,4.43,USD,1.12,USD,2.96,--,0.93,1.21,--,"26,983,733,507.30"
Copart Inc,CPRT.OQ,,114.29 c,38.97,39.41,2.93,USD,--,--,--,32.80,10.83,12.23,--,"26,969,230,736.80"
Hormel Foods Corp,HRL.N,,49.61 c,27.63,29.71,1.80,USD,0.93,USD,1.87,16.99,4.52,2.82,--,"26,769,952,284.68"
Freeport-McMoRan Inc,FCX.N,,18.36 c,--,40.35,-0.17,USD,0.00,USD,0.00,-2.53,2.87,1.85,--,"26,662,733,936.64"
Alexion Pharmaceuticals Inc,ALXN.OQ,,121.61 c,11.37,10.88,10.70,USD,--,--,--,23.53,2.36,5.34,--,"26,653,626,462.63"
Clorox Co,CLX.N,,211.14 c,28.71,27.21,7.35,USD,4.44,USD,2.10,128.02,29.29,3.96,--,"26,598,792,225.60"
D.R. Horton Inc,DHI.N,,73.06 c,17.04,12.38,4.29,USD,0.70,USD,0.96,17.03,2.65,1.51,--,"26,572,109,252.78"
Resmed Inc,RMD.N,,183.03 c,42.88,38.70,4.27,USD,1.56,USD,0.85,27.21,10.62,8.97,--,"26,522,546,747.82"
HP Inc,HPQ.N,,19.12 c,9.48,8.73,2.02,USD,0.70,USD,3.69,--,--,0.45,--,"26,261,257,573.20"
Hilton Worldwide Holdings Inc,HLT.N,,94.61 c,31.14,350.41,3.04,USD,0.00,USD,0.00,"2,553.62",--,2.78,--,"26,236,237,792.72"
McCormick & Company Inc,MKC.N,,196.46 c,37.57,34.41,5.23,USD,2.48,USD,1.26,21.20,7.61,4.90,--,"26,196,802,825.58"
Fastenal Co,FAST.OQ,,45 c,32.68,30.61,1.38,USD,1.00,USD,2.22,31.84,9.69,4.84,--,"25,832,398,185.00"
LyondellBasell Industries NV,LYB.N,,76.9 c,7.99,16.40,9.62,USD,4.20,USD,5.46,37.20,3.19,0.74,--,"25,672,240,939.60"
Mckesson Corp,MCK.N,,156.41 c,31.42,10.29,4.98,USD,1.68,USD,1.07,13.74,4.98,0.11,--,"25,368,100,518.01"
Kroger Co,KR.N,,32.76 c,16.08,10.05,2.04,USD,0.72,USD,2.20,20.12,2.95,0.21,--,"25,366,881,037.68"
Mettler-Toledo International Inc,MTD.N,,1053.2 c,46.88,45.40,22.47,USD,--,--,--,111.02,60.00,8.39,--,"25,246,536,298.00"
Southwest Airlines Co,LUV.N,,42.79 c,10.16,-6.57,4.21,USD,0.00,USD,0.00,23.05,2.57,1.13,--,"25,240,627,501.32"
Skyworks Solutions Inc,SWKS.OQ,,149.76 c,30.33,25.87,4.94,USD,2.00,USD,1.34,20.97,6.07,7.41,--,"25,015,324,389.12"
Corteva Inc,CTVA.N,,33.17 c,--,24.21,-0.38,USD,0.52,USD,1.57,-0.58,1.02,1.79,--,"24,830,033,730.00"
AMETEK Inc,AME.N,,107.76 c,28.70,28.62,3.75,USD,0.72,USD,0.67,18.41,4.84,4.80,--,"24,744,971,365.20"
Williams Companies Inc,WMB.N,,19.96 c,28.11,26.97,0.71,USD,1.60,USD,8.02,6.17,1.81,2.95,--,"24,222,627,180.96"
DTE Energy Co,DTE.N,,125.15 c,19.84,18.68,6.31,USD,4.05,USD,3.24,10.67,2.07,1.90,--,"24,110,240,236.15"
Lennar Corp,LEN.N,,78.27 c,13.60,10.61,5.76,USD,1.00,USD,1.28,12.11,1.50,1.07,--,"23,919,620,077.07"
Old Dominion Freight Line Inc,ODFL.OQ,,200.62 c,39.31,37.74,5.10,USD,0.60,USD,0.30,21.37,7.64,5.73,--,"23,539,034,897.14"
Welltower Inc,WELL.N,,56.26 c,46.90,36.89,1.20,USD,2.44,USD,4.34,3.21,1.51,4.58,--,"23,477,337,382.00"
State Street Corp,STT.N,,65.31 c,12.15,9.98,5.38,USD,2.08,USD,3.18,--,0.94,1.96,--,"23,041,217,460.45"
Verisign Inc,VRSN.OQ,,200.8 c,27.74,28.89,7.24,USD,--,--,--,--,--,18.60,--,"22,913,261,494.40"
Kellogg Co,K.N,,66.76 c,23.85,16.95,2.80,USD,2.28,USD,3.42,35.90,8.33,1.69,--,"22,893,290,131.40"
Edison International,EIX.N,,60.49 c,16.06,13.59,3.77,USD,2.55,USD,4.22,9.98,1.48,1.85,--,"22,878,587,624.61"
Paycom Software Inc,PAYC.N,,388.65 c,125.74,118.13,3.09,USD,--,--,--,41.93,43.20,30.84,--,"22,748,816,248.80"
Church & Dwight Co Inc,CHD.N,,91.91 c,37.62,32.83,2.44,USD,0.96,USD,1.04,24.05,8.52,5.22,--,"22,730,440,773.04"
Dollar Tree Inc,DLTR.OQ,,95.47 c,27.51,18.25,3.47,USD,--,--,--,13.90,3.62,0.96,--,"22,655,765,928.06"
First Republic Bank,FRC.N,,130.98 c,25.20,22.96,5.20,USD,0.80,USD,0.61,--,2.29,6.75,--,"22,544,014,854.12"
Cerner Corp,CERN.OQ,,73.72 c,44.73,25.96,1.65,USD,0.72,USD,0.98,11.45,5.21,3.95,--,"22,512,727,939.72"
Fortive Corp,FTV.N,,66.5 c,34.45,22.58,1.93,USD,0.28,USD,0.42,10.38,3.03,3.06,--,"22,415,254,417.50"
Phillips 66,PSX.N,,50.48 c,7.35,-93.48,6.87,USD,3.60,USD,7.13,12.58,0.88,0.21,--,"22,044,447,396.80"
PPL Corp,PPL.N,,28.67 c,12.10,11.85,2.37,USD,1.66,USD,5.79,14.17,1.70,2.84,--,"22,041,024,091.80"
Weyerhaeuser Co,WY.N,,29.43 c,--,27.90,-0.10,USD,0.00,USD,0.00,-0.88,2.69,3.35,--,"21,962,637,810.00"
Tyson Foods Inc,TSN.N,,60.05 c,10.78,11.91,5.57,USD,1.68,USD,2.80,15.04,1.55,0.52,--,"21,873,900,372.75"
EOG Resources Inc,EOG.N,,37.51 c,7.97,45.74,4.71,USD,1.50,USD,4.00,13.34,1.01,1.27,--,"21,839,955,973.11"
Entergy Corp,ETR.N,,108.95 c,17.29,19.54,6.30,USD,3.72,USD,3.41,12.88,2.08,2.01,--,"21,813,023,640.85"
Fleetcor Technologies Inc,FLT.N,,259.2 c,26.08,23.87,9.94,USD,--,--,--,25.39,5.87,8.22,--,"21,786,262,848.00"
Delta Air Lines Inc,DAL.N,,34 c,4.66,-3.24,7.30,USD,0.00,USD,0.00,32.82,1.41,0.46,--,"21,682,966,234.00"
Schlumberger NV,SLB.N,,15.4 c,--,24.06,-7.32,USD,0.50,USD,3.25,-33.83,0.90,0.65,--,"21,437,262,138.60"
Marketaxess Holdings Inc,MKTX.OQ,,558.91 c,103.53,73.83,5.40,USD,2.40,USD,0.43,29.74,27.56,41.50,--,"21,222,782,408.85"
Nasdaq Inc,NDAQ.OQ,,129.12 c,27.85,21.31,4.64,USD,1.96,USD,1.52,13.96,3.76,4.98,--,"21,209,046,415.68"
Fortinet Inc,FTNT.OQ,,130.38 c,70.33,42.47,1.85,USD,--,--,--,27.82,15.96,9.79,--,"21,099,601,921.92"
Realty Income Corp,O.N,,60.75 c,44.00,42.45,1.38,USD,2.81,USD,4.62,4.89,2.14,14.05,--,"20,961,139,479.75"
Discover Financial Services,DFS.N,,68 c,7.48,22.22,9.09,USD,1.76,USD,2.59,--,1.76,1.82,--,"20,836,638,200.00"
West Pharmaceutical Services Inc,WST.N,,281.93 c,87.95,62.24,3.21,USD,0.64,USD,0.23,16.28,13.23,11.31,--,"20,817,904,603.98"
Arthur J Gallagher & Co,AJG.N,,107.92 c,30.68,24.47,3.52,USD,1.80,USD,1.67,13.85,4.01,2.87,--,"20,663,334,480.00"
Ameren Corp,AEE.N,,83.39 c,24.89,24.00,3.35,USD,2.06,USD,2.47,10.55,2.56,3.49,--,"20,603,961,923.31"
Avalonbay Communities Inc,AVB.N,,145.79 c,25.96,34.38,5.62,USD,6.36,USD,4.36,7.27,1.87,8.83,--,"20,519,003,466.61"
Ameriprise Financial Inc,AMP.N,,170.39 c,12.24,12.51,13.92,USD,4.16,USD,2.44,33.45,3.58,1.59,--,"20,492,612,248.13"
Simon Property Group Inc,SPG.N,,66.88 c,9.82,15.17,6.81,USD,5.20,USD,7.78,72.18,8.10,3.55,--,"20,458,272,313.60"
Amerisourcebergen Corp,ABC.N,,99.38 c,25.73,12.63,3.86,USD,1.68,USD,1.69,28.16,7.05,0.11,--,"20,287,611,587.10"
Alexandria Real Estate Equities Inc,ARE.N,,160.54 c,51.47,50.41,3.12,USD,4.24,USD,2.64,4.48,2.28,13.22,--,"20,246,433,549.42"
Laboratory Corporation of America Holdings,LH.N,,207.49 c,24.83,14.50,8.35,USD,--,--,--,11.33,2.67,1.75,--,"20,209,526,000.00"
Keysight Technologies Inc,KEYS.N,,107.88 c,33.18,23.01,3.25,USD,--,--,--,22.84,6.72,4.69,--,"20,188,595,343.48"
Rollins Inc,ROL.N,,60.2 c,97.35,77.18,0.62,USD,0.32,USD,0.53,26.51,24.19,9.79,--,"19,731,080,903.80"
Incyte Corp,INCY.OQ,,89.69 c,43.68,"-1,055.18",2.05,USD,--,--,--,19.76,7.55,9.09,--,"19,615,120,933.65"
Maxim Integrated Products Inc,MXIM.OQ,,72.87 c,30.28,29.74,2.41,USD,1.92,USD,2.63,37.38,11.76,8.89,--,"19,485,548,908.14"
Marathon Petroleum Corp,MPC.N,,29.89 c,7.53,-6.94,3.97,USD,2.32,USD,7.76,7.66,0.58,0.16,--,"19,449,287,508.63"
W W Grainger Inc,GWW.N,,361.03 c,23.26,22.14,15.52,USD,6.12,USD,1.70,44.97,10.45,1.69,--,"19,375,776,091.50"
Garmin Ltd,GRMN.OQ,,100.84 c,20.21,24.71,4.99,USD,2.44,USD,2.42,21.27,4.02,5.13,--,"19,284,383,953.80"
Vulcan Materials Co,VMC.N,,145.41 c,31.16,31.26,4.67,USD,1.36,USD,0.94,11.50,3.43,3.91,--,"19,259,282,437.89"
Equity Residential,EQR.N,,51.31 c,19.76,25.66,2.60,USD,2.41,USD,4.70,9.47,1.85,7.07,--,"19,098,102,180.78"
Cooper Companies Inc,COO.N,,356.45 c,38.67,37.15,9.22,USD,0.06,USD,0.02,13.29,5.24,7.17,--,"19,013,185,936.45"
CMS Energy Corp,CMS.N,,65.85 c,28.85,24.76,2.28,USD,1.63,USD,2.48,13.28,3.76,2.75,--,"18,851,583,699.90"
Take-Two Interactive Software Inc,TTWO.OQ,,164.43 c,46.40,33.66,3.54,USD,--,--,--,17.66,7.40,6.09,--,"18,800,722,964.52"
Equifax Inc,EFX.N,,152.95 c,--,24.01,-3.30,USD,1.56,USD,1.02,-14.03,7.22,5.30,--,"18,605,289,967.25"
Conagra Brands Inc,CAG.N,,38 c,22.10,15.20,1.72,USD,1.10,USD,2.89,11.01,2.36,1.68,--,"18,563,686,774.00"
CDW Corp,CDW.OQ,,130 c,26.08,22.22,4.99,USD,1.52,USD,1.17,76.14,19.31,1.03,--,"18,547,055,670.00"
International Paper Co,IP.N,,46.4 c,15.09,18.23,3.07,USD,2.05,USD,4.42,16.27,2.36,0.82,--,"18,239,508,564.80"
ViacomCBS Inc,VIAC.OQ,,29.28 c,5.60,7.09,5.23,USD,0.96,USD,3.28,27.27,1.37,0.65,--,"18,118,602,114.60"
FirstEnergy Corp,FE.N,,33.3 c,20.05,13.32,1.66,USD,1.56,USD,4.68,13.11,2.59,1.64,--,"18,052,275,853.80"
Hologic Inc,HOLX.OQ,,67.91 c,--,22.34,-0.74,USD,--,--,--,-8.74,8.31,5.22,--,"17,587,687,784.22"
Northern Trust Corp,NTRS.OQ,,84.41 c,12.74,14.55,6.63,USD,2.80,USD,3.32,13.82,1.58,2.66,--,"17,565,098,898.30"
Fifth Third Bancorp,FITB.OQ,,24.42 c,7.33,14.45,3.33,USD,1.08,USD,4.42,--,0.82,2.09,--,"17,392,925,757.24"
Akamai Technologies Inc,AKAM.OQ,,106.75 c,36.75,20.97,2.90,USD,--,--,--,13.96,4.75,6.00,--,"17,368,743,911.75"
Kansas City Southern,KSU.N,,184.46 c,34.16,26.16,5.40,USD,1.60,USD,0.87,11.67,3.90,6.02,--,"17,265,741,728.54"
Bio Rad Laboratories Inc,BIO.N,,581.71 c,9.98,72.85,58.27,USD,--,--,--,35.98,2.99,7.45,--,"17,232,485,142.32"
Amcor PLC,AMCR.N,,10.97 c,28.34,15.86,0.39,USD,0.46,USD,4.19,12.11,3.72,1.38,--,"17,206,242,263.43"
Valero Energy Corp,VLO.N,,41.97 c,7.19,-12.97,5.83,USD,3.92,USD,9.34,11.14,0.78,0.16,--,"17,113,572,789.78"
Quest Diagnostics Inc,DGX.N,,127.13 c,20.71,12.78,6.14,USD,2.24,USD,1.76,15.44,3.03,2.21,--,"17,073,893,479.03"
Teleflex Inc,TFX.N,,366.24 c,37.33,35.94,9.81,USD,1.36,USD,0.37,16.74,5.72,6.56,--,"17,036,030,827.20"
Broadridge Financial Solutions Inc,BR.N,,145.73 c,36.87,26.74,3.95,USD,2.30,USD,1.58,37.39,12.50,3.72,--,"16,831,334,091.00"
Dover Corp,DOV.N,,116.27 c,25.21,21.19,4.61,USD,1.98,USD,1.70,23.37,5.52,2.35,--,"16,754,890,574.73"
Xylem Inc,XYL.N,,91.59 c,41.39,49.24,2.21,USD,1.04,USD,1.14,14.01,5.57,3.14,--,"16,482,471,645.87"
ETSY Inc,ETSY.OQ,,137.845 c,188.99,72.17,0.73,USD,--,--,--,22.71,40.45,20.10,--,"16,448,714,813.99"
Martin Marietta Materials Inc,MLM.N,,262.41 c,26.93,27.36,9.74,USD,2.28,USD,0.87,11.88,3.05,3.45,--,"16,339,970,240.55"
Tractor Supply Co,TSCO.OQ,,139.82 c,30.02,20.96,4.66,USD,1.60,USD,1.14,35.95,10.39,1.95,--,"16,288,665,629.08"
Arista Networks Inc,ANET.N,,214.11 c,20.15,24.67,10.63,USD,--,--,--,34.13,5.62,6.75,--,"16,277,841,216.00"
Tyler Technologies Inc,TYL.N,,404.4 c,110.69,74.61,3.65,USD,--,--,--,9.96,10.06,14.98,--,"16,273,376,689.20"
Fox Corp,FOXA.OQ,,27.08 c,16.70,13.97,1.62,USD,0.46,USD,1.70,9.97,1.61,1.32,--,"16,206,440,286.05"
Fox Corp,FOX.OQ,,26.935 c,16.70,13.89,1.62,USD,0.46,USD,1.71,9.97,1.61,1.32,--,"16,206,440,286.05"
Zebra Technologies Corp,ZBRA.OQ,,303.72 c,30.14,27.12,10.08,USD,--,--,--,34.28,8.81,3.61,--,"16,200,377,419.68"
Synchrony Financial,SYF.N,,27.75 c,4.99,15.77,5.56,USD,0.88,USD,3.17,--,1.07,0.94,--,"16,200,233,189.25"
Expeditors International of Washington Inc,EXPD.OQ,,95.2 c,28.09,25.66,3.39,USD,1.04,USD,1.09,28.24,7.27,1.95,--,"15,961,156,220.80"
Ingersoll Rand Inc,IR.N,,38.27 c,50.25,30.49,0.76,USD,--,--,--,8.97,8.54,6.51,--,"15,960,851,029.87"
Steris plc,STE.N,,187.54 c,39.40,32.62,4.76,USD,1.60,USD,0.85,12.40,4.70,5.26,--,"15,950,858,936.62"
Ventas Inc,VTR.N,,42.24 c,36.08,43.77,1.17,USD,1.80,USD,4.26,4.10,1.47,4.07,--,"15,759,218,323.20"
Varian Medical Systems Inc,VAR.N,,172.56 c,53.20,45.41,3.24,USD,--,--,--,17.78,8.90,4.88,--,"15,730,801,002.96"
CBRE Group Inc,CBRE.N,,46.66 c,12.39,20.38,3.77,USD,--,--,--,22.96,2.51,0.65,--,"15,644,062,008.02"
NVR Inc,NVR.N,,4205.99 c,19.02,18.28,221.13,USD,--,--,--,42.34,6.68,2.11,--,"15,639,498,538.13"
Domino's Pizza Inc,DPZ.N,,394.1 c,41.23,31.85,9.56,USD,3.12,USD,0.79,--,--,4.29,--,"15,527,502,954.60"
Qorvo Inc,QRVO.OQ,,135.7 c,73.01,19.28,1.86,USD,--,--,--,5.13,3.61,4.79,--,"15,501,887,757.70"
Healthpeak Properties Inc,PEAK.N,,28.77 c,320.06,43.26,0.09,USD,1.48,USD,5.14,0.76,2.55,7.75,--,"15,487,447,383.03"
Catalent Inc,CTLT.N,,94.02 c,82.78,40.01,1.14,USD,--,--,--,7.62,4.40,4.99,--,"15,432,339,283.98"
SVB Financial Group,SIVB.OQ,,296.38 c,13.64,15.58,21.73,USD,--,--,--,--,2.37,4.63,--,"15,348,919,141.36"
Extra Space Storage Inc,EXR.N,,118.66 c,36.68,37.14,3.24,USD,3.60,USD,3.03,16.96,6.03,11.70,--,"15,315,435,639.26"
Teradyne Inc,TER.OQ,,92 c,35.32,20.47,2.60,USD,0.40,USD,0.43,31.14,10.32,6.66,--,"15,274,974,820.00"
Citrix Systems Inc,CTXS.OQ,,122.715 c,24.39,20.57,5.03,USD,1.40,USD,1.14,98.16,18.10,5.04,--,"15,159,227,907.42"
Nucor Corp,NUE.N,,50.19 c,12.13,19.05,4.14,USD,1.61,USD,3.21,12.62,1.46,0.67,--,"15,152,113,914.63"
Tiffany & Co,TIF.N,,123.54 c,27.76,58.30,4.45,USD,2.32,USD,1.88,16.80,4.51,3.39,--,"14,993,874,990.90"
Carmax Inc,KMX.N,,90.95 c,17.08,21.41,5.33,USD,--,--,--,24.94,3.96,0.73,--,"14,923,702,008.85"
Baker Hughes Co,BKR.N,,14.29 c,62.18,54.96,0.23,USD,0.72,USD,5.04,0.37,0.43,0.62,--,"14,772,330,684.38"
Campbell Soup Co,CPB.N,,48.55 c,24.93,16.51,1.95,USD,1.40,USD,2.88,32.30,5.73,1.69,--,"14,675,263,215.85"
Hartford Financial Services Group Inc,HIG.N,,40.61 c,7.18,8.56,5.66,USD,1.30,USD,3.20,--,0.89,0.70,--,"14,546,356,007.05"
Pool Corp,POOL.OQ,,361.71 c,56.51,42.68,6.40,USD,2.32,USD,0.64,82.55,35.34,4.53,--,"14,495,844,384.54"
IDEX Corp,IEX.N,,191.63 c,34.46,39.79,5.56,USD,2.00,USD,1.04,19.97,6.39,5.80,--,"14,470,059,868.30"
Duke Realty Corp,DRE.N,,38.95 c,33.10,82.87,1.18,USD,0.94,USD,2.41,8.86,2.88,14.82,--,"14,433,381,525.75"
Cardinal Health Inc,CAH.N,,49.34 c,--,9.02,-12.61,USD,1.94,USD,3.94,-91.07,8.07,0.09,--,"14,429,190,857.86"
Royal Caribbean Cruises Ltd,RCL.N,,64.48 c,7.20,-3.69,8.95,USD,0.00,USD,0.00,16.15,1.18,1.31,--,"14,384,701,859.84"
Masco Corp,MAS.N,,54.76 c,24.91,20.06,2.20,USD,0.56,USD,1.02,--,--,2.14,--,"14,321,495,003.24"
DISH Network Corp,DISH.OQ,,27.24 c,10.47,13.16,2.60,USD,--,--,--,13.88,1.24,1.12,--,"14,309,313,130.44"
Genuine Parts Co,GPC.N,,98.78 c,23.12,19.11,4.27,USD,3.16,USD,3.20,17.56,3.88,0.73,--,"14,252,931,923.34"
Celanese Corp,CE.N,,120.18 c,17.46,17.17,6.88,USD,2.48,USD,2.06,31.25,5.67,2.26,--,"14,216,171,879.34"
Alliant Energy Corp,LNT.OQ,,56.67 c,24.31,23.37,2.33,USD,1.52,USD,2.68,11.14,2.62,3.88,--,"14,147,345,427.84"
Pioneer Natural Resources Co,PXD.N,,85.54 c,18.97,50.02,4.51,USD,2.20,USD,2.57,6.24,1.16,1.45,--,"14,067,072,759.74"
FMC Corp,FMC.N,,107.78 c,26.39,16.63,4.08,USD,1.76,USD,1.63,19.13,5.51,3.03,--,"13,964,662,388.58"
Expedia Group Inc,EXPE.OQ,,102.72 c,27.25,-14.38,3.77,USD,0.00,USD,0.00,14.00,3.51,1.16,--,"13,939,438,353.60"
PerkinElmer Inc,PKI.N,,124.45 c,60.56,22.63,2.06,USD,0.28,USD,0.22,8.44,4.95,4.83,--,"13,915,316,516.20"
Waters Corp,WAT.N,,221.95 c,25.69,27.50,8.64,USD,--,--,--,87.19,--,5.71,--,"13,744,469,485.40"
AES Corp,AES.N,,20.65 c,45.61,14.96,0.45,USD,0.57,USD,2.78,9.74,4.58,1.35,--,"13,734,958,206.20"
M&T Bank Corp,MTB.N,,106.12 c,7.72,11.39,13.75,USD,4.40,USD,4.15,--,0.87,2.20,--,"13,613,078,163.16"
J B Hunt Transport Services Inc,JBHT.OQ,,128.97 c,27.05,28.04,4.77,USD,1.08,USD,0.84,23.64,6.00,1.48,--,"13,607,266,550.31"
Mid-America Apartment Communities Inc,MAA.N,,118.71 c,40.08,60.57,2.96,USD,4.00,USD,3.37,5.78,2.23,8.27,--,"13,576,293,248.13"
ONEOK Inc,OKE.N,,30.55 c,9.94,12.43,3.07,USD,3.74,USD,12.24,19.97,2.18,1.34,--,"13,570,369,572.50"
United Rentals Inc,URI.N,,188.24 c,12.46,12.43,15.11,USD,--,--,--,32.46,3.54,1.45,--,"13,568,391,342.48"
CH Robinson Worldwide Inc,CHRW.OQ,,100.54 c,24.00,28.04,4.19,USD,2.04,USD,2.03,35.33,8.11,0.89,--,"13,555,144,937.62"
Essex Property Trust Inc,ESS.N,,203.23 c,30.51,25.00,6.66,USD,8.31,USD,4.09,7.04,2.13,9.08,--,"13,252,617,325.58"
Ulta Beauty Inc,ULTA.OQ,,235.11 c,19.35,66.79,12.15,USD,--,--,--,37.93,6.96,1.79,--,"13,242,124,981.44"
Regions Financial Corp,RF.N,,13.78 c,9.16,17.01,1.50,USD,0.62,USD,4.50,--,0.81,2.24,--,"13,231,083,056.62"
J M Smucker Co,SJM.N,,115.54 c,16.90,13.37,6.84,USD,3.60,USD,3.12,9.65,1.61,1.69,--,"13,180,091,473.60"
Carnival Corp,CCL.N,,15.36 c,3.55,-2.12,4.32,USD,0.00,USD,0.00,12.00,0.52,0.63,--,"13,178,195,576.93"
KeyCorp,KEY.N,,13.45 c,8.37,12.23,1.61,USD,0.74,USD,5.50,--,0.77,2.06,--,"13,127,199,717.55"
Seagate Technology PLC,STX.OQ,,50.74 c,13.39,10.77,3.79,USD,2.68,USD,5.28,50.85,7.28,1.24,--,"13,016,685,198.18"
Darden Restaurants Inc,DRI.N,,99.53 c,--,23.81,-0.40,USD,1.20,USD,1.21,-2.08,5.56,1.66,--,"12,958,799,530.55"
Jacobs Engineering Group Inc,J.N,,99.21 c,42.23,19.16,2.35,USD,0.76,USD,0.77,5.66,2.26,1.01,--,"12,917,939,747.61"
Evergy Inc,EVRG.N,,56.37 c,20.19,18.79,2.79,USD,2.02,USD,3.58,7.20,1.49,2.48,--,"12,786,268,429.80"
Western Digital Corp,WDC.OQ,,41.72 c,--,13.12,-0.84,USD,0.00,USD,0.00,-2.56,1.33,0.76,--,"12,691,796,648.72"
ABIOMED Inc,ABMD.OQ,,281.42 c,63.51,67.49,4.43,USD,--,--,--,20.28,11.90,15.08,--,"12,677,200,472.04"
Hasbro Inc,HAS.OQ,,92 c,22.71,27.88,4.05,USD,2.72,USD,2.96,21.91,4.21,2.67,--,"12,606,089,688.00"
Teledyne Technologies Inc,TDY.N,,340.46 c,31.74,34.36,10.73,USD,--,--,--,16.27,4.63,3.97,--,"12,556,752,093.50"
Cincinnati Financial Corp,CINF.OQ,,77.4 c,6.40,27.35,12.10,USD,2.40,USD,3.10,--,1.26,1.57,--,"12,450,061,287.00"
Citizens Financial Group Inc,CFG.N,,29.13 c,7.65,13.94,3.81,USD,1.56,USD,5.36,--,0.56,1.92,--,"12,440,638,936.92"
Live Nation Entertainment Inc,LYV.N,,57.16 c,--,-7.81,-0.02,USD,--,--,--,6.23,10.84,1.08,--,"12,418,283,053.32"
Whirlpool Corp,WHR.N,,198.11 c,10.16,11.11,19.50,USD,5.00,USD,2.52,45.64,3.88,0.61,--,"12,391,161,604.36"
NortonLifeLock Inc,NLOK.OQ,,20.84 c,23.18,15.55,0.90,USD,0.50,USD,2.40,20.11,"1,231.65",4.95,--,"12,316,501,457.16"
Leidos Holdings Inc,LDOS.N,,85.8 c,18.65,15.54,4.60,USD,1.36,USD,1.59,19.85,3.57,1.10,--,"12,200,206,675.80"
Hewlett Packard Enterprise Co,HPE.N,,9.48 c,8.43,7.18,1.13,USD,0.48,USD,5.06,8.02,0.71,0.42,--,"12,194,916,177.24"
CenterPoint Energy Inc,CNP.N,,22.23 c,16.66,17.23,1.33,USD,0.60,USD,2.70,9.64,1.45,0.98,--,"12,111,325,792.02"
Hess Corp,HES.N,,39.37 c,--,-17.12,-1.37,USD,1.00,USD,2.54,-4.44,1.38,1.86,--,"12,092,275,972.88"
Boston Properties Inc,BXP.N,,77.67 c,23.54,13.03,3.30,USD,3.92,USD,5.05,9.02,2.13,4.08,--,"12,088,077,246.00"
Jack Henry & Associates Inc,JKHY.OQ,,158.31 c,41.01,42.33,3.86,USD,1.72,USD,1.09,19.92,7.80,7.12,--,"12,083,232,384.00"
Atmos Energy Corp,ATO.N,,97.69 c,22.46,20.74,4.35,USD,2.30,USD,2.35,9.72,2.10,4.15,--,"12,050,548,191.58"
Principal Financial Group Inc,PFG.OQ,,43.52 c,8.77,8.01,4.96,USD,2.24,USD,5.15,--,0.82,0.73,--,"11,947,053,736.96"
Avery Dennison Corp,AVY.N,,141.74 c,39.68,20.81,3.57,USD,2.48,USD,1.75,28.12,9.83,1.67,--,"11,829,925,849.70"
International Flavors & Fragrances Inc,IFF.N,,110.57 c,27.67,19.06,4.00,USD,3.08,USD,2.79,7.44,1.90,2.30,--,"11,823,532,827.49"
Eastman Chemical Co,EMN.N,,87.32 c,15.93,15.41,5.48,USD,2.64,USD,3.02,12.91,1.98,1.27,--,"11,818,740,693.92"
Westinghouse Air Brake Technologies Corp,WAB.N,,62.06 c,33.78,16.55,1.84,USD,0.48,USD,0.77,5.10,1.19,1.44,--,"11,809,990,197.12"
Fortune Brands Home & Security Inc,FBHS.N,,85.47 c,27.96,21.92,3.06,USD,0.96,USD,1.12,18.76,4.87,2.05,--,"11,807,536,995.87"
Pultegroup Inc,PHM.N,,43.99 c,12.03,9.33,3.66,USD,0.48,USD,1.09,19.79,2.16,1.15,--,"11,793,443,710.58"
W. R. Berkley Corp,WRB.N,,65.72 c,18.65,30.15,3.52,USD,0.48,USD,0.73,--,1.93,1.48,--,"11,698,410,196.04"
Halliburton Co,HAL.N,,13.31 c,--,21.70,-1.29,USD,0.18,USD,1.35,-12.90,1.46,0.52,--,"11,692,441,037.31"
MGM Resorts International,MGM.N,,23.36 c,6.02,-12.23,3.88,USD,0.01,USD,0.04,28.78,1.49,0.89,--,"11,523,048,084.48"
Franklin Resources Inc,BEN.N,,23.22 c,9.88,8.55,2.35,USD,1.08,USD,4.65,12.07,1.16,1.99,--,"11,499,236,559.72"
DaVita Inc,DVA.N,,91.05 c,19.85,13.37,4.59,USD,--,--,--,24.17,5.38,1.01,--,"11,475,635,343.60"
Gartner Inc,IT.N,,128.13 c,49.96,40.68,2.56,USD,--,--,--,26.08,12.18,2.69,--,"11,433,372,397.35"
Omnicom Group Inc,OMC.N,,52.72 c,8.70,11.13,6.06,USD,2.60,USD,4.93,49.59,3.97,0.76,--,"11,327,879,129.28"
Packaging Corp of America,PKG.N,,119.2 c,16.23,21.93,7.35,USD,3.16,USD,2.65,24.25,3.68,1.62,--,"11,304,334,622.40"
Raymond James Financial Inc,RJF.N,,81.11 c,11.32,14.39,7.17,USD,1.48,USD,1.82,15.97,1.69,1.39,--,"11,125,029,836.91"
United Airlines Holdings Inc,UAL.OQ,,38.01 c,3.28,-1.42,11.58,USD,--,--,--,27.90,0.96,0.26,--,"11,060,566,883.73"
DENTSPLY SIRONA Inc,XRAY.OQ,,49.15 c,41.95,42.74,1.17,USD,0.40,USD,0.81,5.15,2.11,2.67,--,"10,739,097,666.80"
Advance Auto Parts Inc,AAP.N,,154.72 c,22.61,18.43,6.84,USD,1.00,USD,0.65,13.72,3.01,1.10,--,"10,697,149,411.36"
IPG Photonics Corp,IPGP.OQ,,200.18 c,59.80,62.17,3.35,USD,--,--,--,7.82,4.44,8.11,--,"10,660,978,452.98"
Huntington Bancshares Inc,HBAN.OQ,,10.47 c,8.27,15.06,1.27,USD,0.60,USD,5.73,--,0.90,2.28,--,"10,651,241,971.53"
Lamb Weston Holdings Inc,LW.N,,72.11 c,28.99,28.62,2.49,USD,0.92,USD,1.28,310.88,43.97,2.78,--,"10,552,509,760.82"
Centurylink Inc,LUMN.N,,9.61 c,--,6.91,-4.92,USD,1.00,USD,10.41,-31.65,0.78,0.47,--,"10,547,339,238.22"
Westrock Co,WRK.N,,40.24 c,12.03,14.96,3.35,USD,0.80,USD,1.99,7.49,0.90,0.57,--,"10,447,767,005.68"
NetApp Inc,NTAP.OQ,,46.89 c,13.34,13.83,3.52,USD,1.92,USD,4.09,122.97,43.02,1.92,--,"10,409,818,576.32"
Albemarle Corp,ALB.N,,96.48 c,19.24,27.45,5.02,USD,1.54,USD,1.60,14.19,2.61,2.86,--,"10,261,418,778.72"
Loews Corp,L.N,,36.23 c,11.79,--,3.07,USD,0.25,USD,0.69,--,0.53,0.68,--,"10,160,493,257.31"
Discovery Inc,DISCA.OQ,,21.1 c,7.32,7.10,2.88,USD,--,--,--,22.64,1.02,0.91,--,"10,101,252,215.10"
Discovery Inc,DISCK.OQ,,19.11 c,7.32,6.57,2.88,USD,--,--,--,22.64,1.02,0.91,--,"10,101,252,215.10"
LKQ Corp,LKQ.OQ,,32.88 c,18.91,15.40,1.74,USD,--,--,--,11.04,2.00,0.80,--,"10,005,139,997.52"
Universal Health Services Inc,UHS.N,,115.58 c,12.66,12.80,9.13,USD,0.00,USD,0.00,14.96,1.78,0.86,--,"9,819,176,635.93"
Pinnacle West Capital Corp,PNW.N,,86.73 c,23.61,17.86,3.67,USD,3.32,USD,3.83,7.78,1.80,2.81,--,"9,762,065,747.91"
Henry Schein Inc,HSIC.OQ,,67.79 c,14.44,25.87,4.69,USD,--,--,--,23.52,3.23,0.97,--,"9,678,226,314.82"
UDR Inc,UDR.N,,32.79 c,51.85,218.60,0.63,USD,1.44,USD,4.39,5.91,2.88,8.40,--,"9,675,242,798.46"
L Brands Inc,LB.N,,34.76 c,--,28.73,-1.33,USD,0.00,USD,0.00,--,--,0.75,--,"9,659,422,265.68"
Allegion PLC,ALLE.N,,102.88 c,24.15,21.50,4.26,USD,1.28,USD,1.24,57.06,12.50,3.32,--,"9,468,973,863.20"
Occidental Petroleum Corp,OXY.N,,10.02 c,--,-2.84,-1.20,USD,0.04,USD,0.40,-2.35,0.27,0.45,--,"9,320,024,373.06"
NiSource Inc,NI.N,,24.31 c,27.87,18.70,0.87,USD,0.84,USD,3.46,6.53,1.56,1.79,--,"9,311,290,053.78"
Concho Resources Inc,CXO.N,,46.97 c,--,10.85,-3.55,USD,0.80,USD,1.70,-3.86,0.52,2.01,--,"9,220,456,324.31"
Snap-On Inc,SNA.N,,169.39 c,13.65,15.91,12.41,USD,4.32,USD,2.55,21.31,2.69,2.26,--,"9,183,403,810.23"
Globe Life Inc,GL.N,,86.14 c,12.61,12.47,6.83,USD,0.75,USD,0.87,--,1.26,2.03,--,"9,175,002,944.32"
Western Union Co,WU.N,,21.97 c,8.95,12.34,2.46,USD,0.90,USD,4.10,--,--,1.71,--,"9,029,757,133.02"
Cboe Global Markets Inc,CBOE.Z,,81.72 c,24.51,15.85,3.33,USD,1.68,USD,2.06,11.37,2.65,3.56,--,"8,887,694,198.76"
A. O. Smith Corp,AOS.N,,54.93 c,24.75,29.45,2.22,USD,1.04,USD,1.89,21.87,5.32,2.96,--,"8,866,428,833.76"
Quanta Services Inc,PWR.N,,62.27 c,22.85,18.70,2.73,USD,0.20,USD,0.32,10.50,2.13,0.71,--,"8,645,775,155.42"
Pentair PLC,PNR.N,,51.97 c,24.48,21.39,2.12,USD,0.76,USD,1.46,19.09,4.42,2.92,--,"8,645,017,055.09"
Everest Re Group Ltd,RE.N,,214.02 c,8.67,17.13,24.70,USD,6.20,USD,2.90,--,0.94,1.04,--,"8,554,763,779.92"
Howmet Aerospace Inc,HWM.N,,18.95 c,18.39,27.07,1.03,USD,0.00,USD,0.00,9.23,1.79,0.58,--,"8,264,881,557.65"
Wynn Resorts Ltd,WYNN.OQ,,76.56 c,66.60,-4.93,1.15,USD,0.00,USD,0.00,6.51,4.74,1.25,--,"8,256,840,506.64"
News Corp,NWSA.OQ,,13.98 c,--,52.75,-2.16,USD,0.20,USD,1.43,-15.17,1.09,0.92,--,"8,242,364,675.72"
News Corp,NWS.OQ,,13.91 c,--,52.49,-2.16,USD,0.20,USD,1.44,-15.17,1.09,0.92,--,"8,242,364,675.72"
Borgwarner Inc,BWA.N,,39.75 c,10.70,17.98,3.71,USD,0.68,USD,1.71,17.20,1.75,0.81,--,"8,238,353,734.50"
NRG Energy Inc,NRG.N,,33.67 c,2.16,9.15,15.59,USD,1.20,USD,3.56,"1,941.98",4.96,0.84,--,"8,220,121,342.16"
Host Hotels & Resorts Inc,HST.N,,11.64 c,9.25,-8.86,1.26,USD,0.00,USD,0.00,12.42,1.12,1.50,--,"8,209,263,741.12"
Mylan NV,MYL.OQ,,15.69 c,482.32,3.48,0.03,USD,--,--,--,0.14,0.68,0.71,--,"8,110,898,131.89"
Iron Mountain Inc,IRM.N,,27.85 c,29.98,27.30,0.93,USD,2.47,USD,8.88,16.08,5.48,1.88,--,"8,024,930,684.15"
Textron Inc,TXT.N,,35.19 c,10.05,23.08,3.50,USD,0.08,USD,0.23,15.22,1.45,0.59,--,"8,024,567,837.40"
Gap Inc,GPS.N,,21.42 c,21.25,-10.55,1.01,USD,0.97,USD,4.53,11.09,2.41,0.49,--,"8,002,363,580.82"
F5 Networks Inc,FFIV.OQ,,128.36 c,18.14,13.76,7.08,USD,--,--,--,28.08,4.46,3.50,--,"7,852,180,271.24"
Cabot Oil & Gas Corp,COG.N,,19.68 c,12.06,33.36,1.63,USD,0.40,USD,2.03,32.13,3.65,3.80,--,"7,844,052,058.08"
Newell Brands Inc,NWL.OQ,,18 c,41.00,14.75,0.44,USD,0.92,USD,5.11,3.66,1.54,0.79,--,"7,637,400,000.00"
Molson Coors Beverage Co,TAP.N,,35.68 c,32.02,9.86,1.11,USD,0.00,USD,0.00,1.80,0.57,0.72,--,"7,625,829,000.66"
Interpublic Group of Companies Inc,IPG.N,,19.34 c,11.53,11.72,1.68,USD,1.02,USD,5.27,25.38,2.72,0.74,--,"7,541,108,808.64"
Assurant Inc,AIZ.N,,125.99 c,21.57,14.25,5.84,USD,2.52,USD,2.00,--,1.33,0.74,--,"7,515,061,221.23"
Mohawk Industries Inc,MHK.N,,104.68 c,10.16,16.76,10.30,USD,--,--,--,9.57,0.92,0.75,--,"7,452,697,310.60"
Juniper Networks Inc,JNPR.N,,22.29 c,22.50,14.38,0.99,USD,0.80,USD,3.59,7.31,1.60,1.66,--,"7,394,715,591.27"
Lincoln National Corp,LNC.N,,37.05 c,8.62,4.88,4.30,USD,1.60,USD,4.32,--,0.36,0.41,--,"7,159,842,846.00"
Mosaic Co,MOS.N,,18.7 c,--,58.44,-2.78,USD,0.20,USD,1.07,-10.90,0.77,0.80,--,"7,088,983,243.10"
Vornado Realty Trust,VNO.N,,34.07 c,2.10,-52.54,16.21,USD,2.12,USD,6.22,56.23,0.97,3.38,--,"6,512,519,407.94"
Regency Centers Corp,REG.OQ,,38.29 c,26.83,89.05,1.43,USD,2.38,USD,6.22,3.80,1.05,5.73,--,"6,496,566,890.24"
Comerica Inc,CMA.N,,46.39 c,5.88,16.24,7.89,USD,2.72,USD,5.86,--,0.88,1.93,--,"6,451,427,332.06"
Sealed Air Corp,SEE.N,,41.29 c,26.89,14.09,1.54,USD,0.64,USD,1.55,--,--,1.34,--,"6,427,881,776.62"
Invesco Ltd,IVZ.N,,13.98 c,10.91,8.52,1.28,USD,0.62,USD,4.43,6.13,0.46,1.05,--,"6,419,139,687.42"
American Airlines Group Inc,AAL.OQ,,12.6 c,3.32,-0.63,3.80,USD,0.00,USD,0.00,--,--,0.14,--,"6,408,760,390.20"
Perrigo Company PLC,PRGO.N,,45.62 c,42.62,11.26,1.07,USD,0.90,USD,1.97,2.55,1.07,1.29,--,"6,226,194,926.86"
Under Armour Inc,UAA.N,,14.66 c,72.28,-20.15,0.20,USD,--,--,--,4.42,2.89,1.18,--,"6,218,291,986.70"
Under Armour Inc,UA.N,,12.74 c,72.28,-17.45,0.20,USD,--,--,--,4.42,2.89,1.18,--,"6,218,291,986.70"
Huntington Ingalls Industries Inc,HII.N,,152.82 c,11.52,10.50,13.26,USD,4.12,USD,2.70,35.37,3.90,0.70,--,"6,188,010,974.28"
HanesBrands Inc,HBI.N,,17.58 c,10.70,12.04,1.64,USD,0.60,USD,3.41,56.97,4.95,0.88,--,"6,120,666,424.50"
Tapestry Inc,TPR.N,,21.43 c,--,11.38,-2.34,USD,0.00,USD,0.00,-22.53,2.61,1.20,--,"5,944,114,919.34"
Robert Half International Inc,RHI.N,,51.67 c,13.24,20.34,3.90,USD,1.36,USD,2.63,41.18,5.18,0.98,--,"5,923,197,322.11"
CF Industries Holdings Inc,CF.N,,27.58 c,12.40,18.39,2.22,USD,1.20,USD,4.35,16.84,2.04,1.29,--,"5,898,808,772.78"
Leggett & Platt Inc,LEG.N,,44.44 c,18.03,22.62,2.47,USD,1.60,USD,3.60,27.04,4.48,1.24,--,"5,883,541,275.92"
Federal Realty Investment Trust,FRT.N,,76.72 c,16.64,49.18,4.61,USD,4.24,USD,5.53,14.50,2.29,6.20,--,"5,803,005,590.48"
Ralph Lauren Corp,RL.N,,77.39 c,23.07,48.34,3.35,USD,0.00,USD,0.00,8.66,2.10,0.92,--,"5,652,927,862.59"
Zions Bancorporation NA,ZION.OQ,,33.2 c,7.98,14.25,4.16,USD,1.36,USD,4.10,--,0.74,1.92,--,"5,444,159,572.00"
Alaska Air Group Inc,ALK.N,,41.57 c,6.72,-4.33,6.19,USD,0.00,USD,0.00,19.03,1.19,0.59,--,"5,139,703,576.10"
Nielsen Holdings PLC,NLSN.N,,14.18 c,--,9.12,-1.17,USD,0.24,USD,1.69,-16.46,2.30,0.78,--,"5,058,771,209.52"
Norwegian Cruise Line Holdings Ltd,NCLH.N,,18.35 c,4.27,-2.21,4.30,USD,--,--,--,14.91,0.78,0.78,--,"5,057,606,594.80"
DXC Technology Co,DXC.N,,19.84 c,--,8.98,-20.77,USD,0.00,USD,0.00,-66.35,1.05,0.26,--,"5,043,220,665.60"
Apartment Investment and Management Co,AIV.N,,33.85 c,10.74,141.04,3.15,USD,3.28,USD,9.69,27.25,2.83,5.51,--,"5,039,112,305.95"
Kimco Realty Corp,KIM.N,,11.5 c,14.38,5.54,0.80,USD,0.40,USD,3.48,8.05,1.02,4.29,--,"4,973,791,791.00"
People's United Financial Inc,PBCT.OQ,,11.44 c,8.98,10.04,1.27,USD,0.72,USD,6.29,--,0.61,2.64,--,"4,859,449,635.04"
FLIR Systems Inc,FLIR.OQ,,36.16 c,28.79,16.36,1.26,USD,0.68,USD,1.88,9.16,2.53,2.51,--,"4,741,370,254.40"
PVH Corp,PVH.N,,64.94 c,11.61,-20.91,5.59,USD,0.00,USD,0.00,7.17,0.79,0.47,--,"4,616,779,939.52"
Diamondback Energy Inc,FANG.OQ,,29.03 c,19.82,11.48,1.46,USD,1.50,USD,5.17,1.78,0.35,1.16,--,"4,581,633,274.64"
Xerox Holdings Corp,XRX.N,,19.73 c,7.68,16.17,2.57,USD,1.00,USD,5.07,11.13,0.72,0.46,--,"4,202,758,328.00"
Flowserve Corp,FLS.N,,31.75 c,16.49,19.05,1.93,USD,0.80,USD,2.52,14.78,2.31,1.05,--,"4,132,571,110.00"
Vontier Corp,VNT.N,,30.29 c,11.67,13.11,2.60,USD,--,--,--,24.08,2.24,1.47,--,"4,083,958,233.42"
Unum Group,UNM.N,,20.02 c,3.82,3.89,5.24,USD,1.14,USD,5.69,--,0.41,0.34,--,"4,075,210,619.48"
Devon Energy Corp,DVN.N,,9.36 c,--,-52.00,-0.21,USD,0.44,USD,4.70,-1.08,0.62,0.58,--,"3,583,008,000.00"
National Oilwell Varco Inc,NOV.N,,9.19 c,--,-51.06,-15.96,USD,0.00,USD,0.00,-56.44,0.46,0.42,--,"3,568,327,157.05"
Marathon Oil Corp,MRO.N,,4.44 c,7.49,-3.61,0.59,USD,0.12,USD,2.70,3.95,0.29,0.68,--,"3,505,110,141.24"
Apache Corp,APA.OQ,,9.28 c,--,-6.93,-9.42,USD,0.10,USD,1.08,-68.43,1.08,0.55,--,"3,502,816,327.68"
SL Green Realty Corp,SLG.N,,47.39 c,15.26,30.42,3.10,USD,3.54,USD,7.47,4.72,0.61,2.80,--,"3,471,346,455.29"
HollyFrontier Corp,HFC.N,,20.39 c,4.42,-36.09,4.61,USD,1.40,USD,6.87,12.98,0.55,0.19,--,"3,303,494,332.24"
TechnipFMC PLC,FTI.N,,6.47 c,--,17.87,-5.39,USD,0.52,USD,8.04,-26.81,0.38,0.22,--,"2,907,671,267.51"
1 - 505 of 505,,,,,,,,,,,,,,,
